<?xml version="1.0" encoding="utf-8" ?>
<dwsync>
<file name="404.php" server="D:/xampp/htdocs/new_dms/" local="132216702067614099" remote="132216702060000000" />
<file name="home.php" server="D:/xampp/htdocs/new_dms/" local="132260525908327203" remote="132260525900000000" />
<file name="welcome.php" server="D:/xampp/htdocs/new_dms/" local="132223126032487370" remote="132223126030000000" />
<file name="404.php" server="D:/xampp/htdocs/icossit/" local="132216702067614099" remote="132216702060000000" />
<file name="home.php" server="D:/xampp/htdocs/icossit/" local="132271659494517869" remote="132271659490000000" />
<file name="welcome.php" server="D:/xampp/htdocs/icossit/" local="132267485330516943" remote="132267485330000000" />
<file name="404.php" server="D:/xampp/htdocs/bukutamu/" local="132216702067614099" remote="132216702060000000" />
<file name="home.php" server="D:/xampp/htdocs/bukutamu/" local="132287066965749021" remote="132287066960000000" />
<file name="welcome.php" server="D:/xampp/htdocs/bukutamu/" local="132282169616018254" remote="132282169610000000" />
</dwsync>