<?xml version="1.0" encoding="utf-8" ?>
<dwsync>
<file name="logout.php" server="D:/xampp/htdocs/icossit/" local="132241571321035525" remote="132241571320000000" />
<file name="restrict.php" server="D:/xampp/htdocs/icossit/" local="132217147518069157" remote="132217147510000000" />
<file name="404.php" server="D:/xampp/htdocs/icossit/" local="132216644320000000" remote="132216644320000000" />
<file name="home.php" server="D:/xampp/htdocs/icossit/" local="132267485327239573" remote="132267485320000000" />
<file name="welcome.php" server="D:/xampp/htdocs/icossit/" local="132267489878734939" remote="132267489870000000" />
<file name="login.php" server="D:/xampp/htdocs/icossit/" local="132271750467698863" remote="132271750460000000" />
<file name="restrict.php" server="D:/xampp/htdocs/bukutamu/" local="132272519381467100" remote="132272519380000000" />
<file name="404.php" server="D:/xampp/htdocs/bukutamu/" local="132216644320000000" remote="132216644320000000" />
<file name="home.php" server="D:/xampp/htdocs/bukutamu/" local="132267485327239573" remote="132267485320000000" />
<file name="welcome.php" server="D:/xampp/htdocs/bukutamu/" local="132267489878734939" remote="132267489870000000" />
<file name="logout.php" server="D:/xampp/htdocs/bukutamu/" local="132241571321035525" remote="132241571320000000" />
</dwsync>