<?xml version="1.0" encoding="utf-8" ?>
<dwsync>
<file name="MMHTTPDB.php" server="D:/xampp/htdocs/icossit/" local="132271737605260975" remote="132271737600000000" />
<file name="mysql.php" server="D:/xampp/htdocs/icossit/" local="132271737606141558" remote="132271737600000000" />
<file name="MMHTTPDB.php" server="D:/xampp/htdocs/bukutamu/" local="132271737605260975" remote="132271737600000000" />
<file name="mysql.php" server="D:/xampp/htdocs/bukutamu/" local="132271737606141558" remote="132271737600000000" />
<file name="MMHTTPDB.php" server="E:/xampp/htdocs/template/" local="132271737605260975" remote="132271737600000000" />
<file name="mysql.php" server="E:/xampp/htdocs/template/" local="132271737606141558" remote="132271737600000000" />
<file name="MMHTTPDB.php" server="E:/xampp/htdocs/topsis/" local="132271737605260975" remote="132271737600000000" />
<file name="mysql.php" server="E:/xampp/htdocs/topsis/" local="132271737606141558" remote="132271737600000000" />
</dwsync>