<?xml version="1.0" encoding="utf-8" ?>
<dwsync>
<file name="404.php" server="D:/xampp/htdocs/new_dms/" local="132216701447242980" remote="132216701440000000" />
<file name="home.php" server="D:/xampp/htdocs/new_dms/" local="132264751073451405" remote="132264751070000000" />
<file name="welcome.php" server="D:/xampp/htdocs/new_dms/" local="132240442780592935" remote="132240442780000000" />
<file name="404.php" server="D:/xampp/htdocs/icossit/" local="132216701447242980" remote="132216701440000000" />
<file name="home.php" server="D:/xampp/htdocs/icossit/" local="132264751073451405" remote="132264751070000000" />
<file name="welcome.php" server="D:/xampp/htdocs/icossit/" local="132267485413066649" remote="132267485410000000" />
<file name="404.php" server="D:/xampp/htdocs/bukutamu/" local="132216701447242980" remote="132216701440000000" />
<file name="home.php" server="D:/xampp/htdocs/bukutamu/" local="132287135758835463" remote="132287135750000000" />
<file name="welcome.php" server="D:/xampp/htdocs/bukutamu/" local="132267485413066649" remote="132267485410000000" />
</dwsync>