<?xml version="1.0" encoding="utf-8" ?>
<dwsync>
<file name="header.php" server="D:/xampp/htdocs/new_dms/" local="132263870312624877" remote="132263870310000000" />
<file name="navbar.php" server="D:/xampp/htdocs/new_dms/" local="132267439413246195" remote="132267439410000000" />
<file name="sidebar.php" server="D:/xampp/htdocs/new_dms/" local="132264027360898517" remote="132264027360000000" />
<file name="footer.php" server="D:/xampp/htdocs/new_dms/" local="132263872676706313" remote="132263872670000000" />
<file name="header.php" server="D:/xampp/htdocs/icossit/" local="132263870312624877" remote="132263870310000000" />
<file name="navbar.php" server="D:/xampp/htdocs/icossit/" local="132271658313634002" remote="132271658310000000" />
<file name="sidebar.php" server="D:/xampp/htdocs/icossit/" local="132271749459108321" remote="132271749450000000" />
<file name="footer.php" server="D:/xampp/htdocs/icossit/" local="132263872676706313" remote="132263872670000000" />
<file name="header.php" server="D:/xampp/htdocs/bukutamu/" local="132263870312624877" remote="132263870310000000" />
<file name="navbar.php" server="D:/xampp/htdocs/bukutamu/" local="132273529263047076" remote="132273529260000000" />
<file name="sidebar.php" server="D:/xampp/htdocs/bukutamu/" local="132287068066773784" remote="132287068060000000" />
<file name="footer.php" server="D:/xampp/htdocs/bukutamu/" local="132284695963606921" remote="132284695960000000" />
</dwsync>