<?xml version="1.0" encoding="utf-8" ?>
<dwsync>
<file name="header.php" server="D:/xampp/htdocs/new_dms/" local="132267460909086385" remote="132267460900000000" />
<file name="navbar.php" server="D:/xampp/htdocs/new_dms/" local="132267451245115736" remote="132267451240000000" />
<file name="sidebar.php" server="D:/xampp/htdocs/new_dms/" local="132267459854017517" remote="132267459850000000" />
<file name="footer.php" server="D:/xampp/htdocs/new_dms/" local="132267461086040419" remote="132267461080000000" />
<file name="header.php" server="D:/xampp/htdocs/icossit/" local="132267460909086385" remote="132267460900000000" />
<file name="navbar.php" server="D:/xampp/htdocs/icossit/" local="132267451245115736" remote="132267451240000000" />
<file name="sidebar.php" server="D:/xampp/htdocs/icossit/" local="132271661415351628" remote="132271661410000000" />
<file name="footer.php" server="D:/xampp/htdocs/icossit/" local="132267461086040419" remote="132267461080000000" />
<file name="header.php" server="D:/xampp/htdocs/bukutamu/" local="132267460909086385" remote="132267460900000000" />
<file name="navbar.php" server="D:/xampp/htdocs/bukutamu/" local="132267451245115736" remote="132267451240000000" />
<file name="sidebar.php" server="D:/xampp/htdocs/bukutamu/" local="132287135445446419" remote="132287135440000000" />
<file name="footer.php" server="D:/xampp/htdocs/bukutamu/" local="132267461086040419" remote="132267461080000000" />
</dwsync>